clip_id,WER_raw,CER_raw,WER_corrected,CER_corrected
1,5.0,4.73598820058997,0.8467741935483871,0.7286135693215339
2,6.988888888888889,6.603206412825651,0.9333333333333333,0.7635270541082164
3,5.517543859649122,5.238952536824877,0.956140350877193,0.7970540098199672
4,4.803149606299213,4.918586789554531,0.9448818897637795,0.7772657450076805
5,10.666666666666666,10.172619047619047,0.9333333333333333,0.7470238095238095
